{"Variable":{"0":"RevolvingUtilizationOfUnsecuredLines","1":"RevolvingUtilizationOfUnsecuredLines","2":"RevolvingUtilizationOfUnsecuredLines","3":"RevolvingUtilizationOfUnsecuredLines","4":"RevolvingUtilizationOfUnsecuredLines","5":"age","6":"age","7":"age","8":"age","9":"age","10":"NumberOfTime30-59DaysPastDueNotWorse","11":"NumberOfTime30-59DaysPastDueNotWorse","12":"NumberOfTime30-59DaysPastDueNotWorse","13":"DebtRatio","14":"DebtRatio","15":"DebtRatio","16":"DebtRatio","17":"MonthlyIncome","18":"MonthlyIncome","19":"MonthlyIncome","20":"MonthlyIncome","21":"MonthlyIncome","22":"NumberOfOpenCreditLinesAndLoans","23":"NumberOfOpenCreditLinesAndLoans","24":"NumberOfOpenCreditLinesAndLoans","25":"NumberOfOpenCreditLinesAndLoans","26":"NumberOfOpenCreditLinesAndLoans","27":"NumberOfTimes90DaysLate","28":"NumberOfTimes90DaysLate","29":"NumberOfTimes90DaysLate","30":"NumberRealEstateLoansOrLines","31":"NumberRealEstateLoansOrLines","32":"NumberRealEstateLoansOrLines","33":"NumberRealEstateLoansOrLines","34":"NumberRealEstateLoansOrLines","35":"NumberOfTime60-89DaysPastDueNotWorse","36":"NumberOfTime60-89DaysPastDueNotWorse","37":"NumberOfTime60-89DaysPastDueNotWorse","38":"NumberOfDependents","39":"NumberOfDependents","40":"NumberOfDependents","41":"NumberOfDependents","42":"NumberOfDependents"},"left":{"0":-0.001,"1":0.05,"2":0.2,"3":0.4,"4":0.7,"5":20.99,"6":36.0,"7":49.0,"8":59.0,"9":70.0,"10":-0.001,"11":0.0,"12":1.0,"13":-0.001,"14":0.1,"15":0.3,"16":0.7,"17":-0.001,"18":3500.0,"19":6000.0,"20":10000.0,"21":15000.0,"22":-0.001,"23":3.0,"24":7.0,"25":10.0,"26":15.0,"27":-0.001,"28":0.0,"29":1.0,"30":-0.001,"31":0.0,"32":2.0,"33":3.0,"34":4.0,"35":-0.001,"36":0.0,"37":1.0,"38":-0.001,"39":0.0,"40":1.0,"41":2.0,"42":3.0},"right":{"0":0.05,"1":0.2,"2":0.4,"3":0.7,"4":1.0,"5":36.0,"6":49.0,"7":59.0,"8":70.0,"9":100.0,"10":0.0,"11":1.0,"12":98.0,"13":0.1,"14":0.3,"15":0.7,"16":329664.0,"17":3500.0,"18":6000.0,"19":10000.0,"20":15000.0,"21":3008750.0,"22":3.0,"23":7.0,"24":10.0,"25":15.0,"26":58.0,"27":0.0,"28":1.0,"29":98.0,"30":0.0,"31":2.0,"32":3.0,"33":4.0,"34":54.0,"35":0.0,"36":1.0,"37":98.0,"38":0.0,"39":1.0,"40":2.0,"41":3.0,"42":20.0},"WOE":{"0":1.381252068,"1":1.0820597351,"2":0.4448552458,"3":-0.2471344191,"4":-1.2425344357,"5":-0.5468002181,"6":-0.2618575805,"7":0.0375861534,"8":0.6536967743,"9":1.1339638964,"10":0.5417209975,"11":-0.9036537525,"12":-1.9011263687,"13":0.1277663205,"14":0.1447521455,"15":-0.0815327052,"16":-0.0979189938,"17":-0.3324682149,"18":-0.0044749539,"19":0.1925667802,"20":0.4917996875,"21":0.3874297459,"22":-0.5148256986,"23":0.1225068246,"24":0.2080099418,"25":0.083531426,"26":-0.0352543151,"27":0.3897239361,"28":-1.9579682467,"29":-2.843148554,"30":-0.2359697787,"31":0.230593546,"32":-0.0023084393,"33":-0.315303253,"34":-0.9158921658,"35":0.2882075931,"36":-1.8364737967,"37":-2.7570837288,"38":0.150060318,"39":-0.1025781583,"40":-0.2093068979,"41":-0.3012469775,"42":-0.4695327436}}